algorithm,depth,gate_count,num_qubits,runtime_seconds,counts,shots
Deutsch,3,5,2,0.08862429996952415,{'0': 1024},1024
Deutsch,3,5,2,0.006946299923583865,{'0': 1024},1024
Deutsch,3,5,2,0.012799400021322072,{'0': 1024},1024
Bernstein-Vazirani,7,17,5,0.04383069998584688,{'1101': 1024},1024
Bernstein-Vazirani,7,17,5,0.00785079994238913,{'1101': 1024},1024
Grover,10,16,2,0.046844600001350045,{'11': 1024},1024
Quantum Fourier Transform,7,10,3,0.06039330002386123,"{'010': 127, '111': 125, '100': 123, '000': 139, '001': 131, '011': 131, '110': 125, '101': 123}",1024
